"First_Name","Surname","Count","Date_of_Birth"
"Stavros","Tsikinas",12,"1988-10-12T00:00:00"
"Mike","D'Anthony",34,"1948-06-18T00:00:00"
"Steve","Goldberg",1,"1985-01-30T00:00:00"
"Mary","Dickinson",4,"1993-12-03T00:00:00"
"Stavros","Tsikinas",12,"1988-10-12T00:00:00"
"Mike","D'Anthony",34,"1948-06-18T00:00:00"
"Steve","Goldberg",1,"1985-01-30T00:00:00"
"Mary","Dickinson",4,"1993-12-03T00:00:00"
"Stavros","Tsikinas",12,"1988-10-12T00:00:00"
"Mike","D'Anthony",34,"1948-06-18T00:00:00"
"Steve","Goldberg",1,"1985-01-30T00:00:00"
"Mary","Dickinson",4,"1993-12-03T00:00:00"
"Stavros","Tsikinas",12,"1988-10-12T00:00:00"
"Mike","D'Anthony",34,"1948-06-18T00:00:00"
"Steve","Goldberg",1,"1985-01-30T00:00:00"
"Mary","Dickinson",4,"1993-12-03T00:00:00"
"Stavros","Tsikinas",12,"1988-10-12T00:00:00"
"Mike","D'Anthony",34,"1948-06-18T00:00:00"
"Steve","Goldberg",1,"1985-01-30T00:00:00"
"Mary","Dickinson",4,"1993-12-03T00:00:00"
"Stavros","Tsikinas",12,"1988-10-12T00:00:00"
"Mike","D'Anthony",34,"1948-06-18T00:00:00"
"Steve","Goldberg",1,"1985-01-30T00:00:00"
"Mary","Dickinson",4,"1993-12-03T00:00:00"
"Stavros","Tsikinas",12,"1988-10-12T00:00:00"
"Mike","D'Anthony",34,"1948-06-18T00:00:00"
"Steve","Goldberg",1,"1985-01-30T00:00:00"
"Mary","Dickinson",4,"1993-12-03T00:00:00"
"Stavros","Tsikinas",12,"1988-10-12T00:00:00"
"Mike","D'Anthony",34,"1948-06-18T00:00:00"
"Steve","Goldberg",1,"1985-01-30T00:00:00"
"Mary","Dickinson",4,"1993-12-03T00:00:00"
"Stavros","Tsikinas",12,"1988-10-12T00:00:00"
"Mike","D'Anthony",34,"1948-06-18T00:00:00"
"Steve","Goldberg",1,"1985-01-30T00:00:00"
"Mary","Dickinson",4,"1993-12-03T00:00:00"
"Stavros","Tsikinas",12,"1988-10-12T00:00:00"
"Mike","D'Anthony",34,"1948-06-18T00:00:00"
"Steve","Goldberg",1,"1985-01-30T00:00:00"
"Mary","Dickinson",4,"1993-12-03T00:00:00"
"Stavros","Tsikinas",12,"1988-10-12T00:00:00"
"Mike","D'Anthony",34,"1948-06-18T00:00:00"
"Steve","Goldberg",1,"1985-01-30T00:00:00"
"Mary","Dickinson",4,"1993-12-03T00:00:00"
"Stavros","Tsikinas",12,"1988-10-12T00:00:00"
"Mike","D'Anthony",34,"1948-06-18T00:00:00"
"Steve","Goldberg",1,"1985-01-30T00:00:00"
"Mary","Dickinson",4,"1993-12-03T00:00:00"
"Stavros","Tsikinas",12,"1988-10-12T00:00:00"
"Mike","D'Anthony",34,"1948-06-18T00:00:00"
"Steve","Goldberg",1,"1985-01-30T00:00:00"
"Mary","Dickinson",4,"1993-12-03T00:00:00"
"Stavros","Tsikinas",12,"1988-10-12T00:00:00"
"Mike","D'Anthony",34,"1948-06-18T00:00:00"
"Steve","Goldberg",1,"1985-01-30T00:00:00"
"Mary","Dickinson",4,"1993-12-03T00:00:00"
"Stavros","Tsikinas",12,"1988-10-12T00:00:00"
"Mike","D'Anthony",34,"1948-06-18T00:00:00"
"Steve","Goldberg",1,"1985-01-30T00:00:00"
"Mary","Dickinson",4,"1993-12-03T00:00:00"
"Stavros","Tsikinas",12,"1988-10-12T00:00:00"
"Mike","D'Anthony",34,"1948-06-18T00:00:00"
"Steve","Goldberg",1,"1985-01-30T00:00:00"
"Mary","Dickinson",4,"1993-12-03T00:00:00"
"Stavros","Tsikinas",12,"1988-10-12T00:00:00"
"Mike","D'Anthony",34,"1948-06-18T00:00:00"
"Steve","Goldberg",1,"1985-01-30T00:00:00"
"Mary","Dickinson",4,"1993-12-03T00:00:00"
"Stavros","Tsikinas",12,"1988-10-12T00:00:00"
"Mike","D'Anthony",34,"1948-06-18T00:00:00"
"Steve","Goldberg",1,"1985-01-30T00:00:00"
"Mary","Dickinson",4,"1993-12-03T00:00:00"
"Stavros","Tsikinas",12,"1988-10-12T00:00:00"
"Mike","D'Anthony",34,"1948-06-18T00:00:00"
"Steve","Goldberg",1,"1985-01-30T00:00:00"
"Mary","Dickinson",4,"1993-12-03T00:00:00"
"Stavros","Tsikinas",12,"1988-10-12T00:00:00"
"Mike","D'Anthony",34,"1948-06-18T00:00:00"
"Steve","Goldberg",1,"1985-01-30T00:00:00"
"Mary","Dickinson",4,"1993-12-03T00:00:00"
"Stavros","Tsikinas",12,"1988-10-12T00:00:00"
"Mike","D'Anthony",34,"1948-06-18T00:00:00"
"Steve","Goldberg",1,"1985-01-30T00:00:00"
"Mary","Dickinson",4,"1993-12-03T00:00:00"
"Stavros","Tsikinas",12,"1988-10-12T00:00:00"
"Mike","D'Anthony",34,"1948-06-18T00:00:00"
"Steve","Goldberg",1,"1985-01-30T00:00:00"
"Mary","Dickinson",4,"1993-12-03T00:00:00"
"Stavros","Tsikinas",12,"1988-10-12T00:00:00"
"Mike","D'Anthony",34,"1948-06-18T00:00:00"
"Steve","Goldberg",1,"1985-01-30T00:00:00"
"Mary","Dickinson",4,"1993-12-03T00:00:00"
"Stavros","Tsikinas",12,"1988-10-12T00:00:00"
"Mike","D'Anthony",34,"1948-06-18T00:00:00"
"Steve","Goldberg",1,"1985-01-30T00:00:00"
"Mary","Dickinson",4,"1993-12-03T00:00:00"
"Stavros","Tsikinas",12,"1988-10-12T00:00:00"
"Mike","D'Anthony",34,"1948-06-18T00:00:00"
"Steve","Goldberg",1,"1985-01-30T00:00:00"
"Mary","Dickinson",4,"1993-12-03T00:00:00"